
INSERT INTO address VALUES (0,'Karen Dr','United States','74326','Steilacoom');
INSERT INTO address VALUES (1,'King Edward Street','New Zealand','74835','Rotorua');
INSERT INTO address VALUES (2,'Grove Road','Ireland','43826','Kilcock');
INSERT INTO address VALUES (3,'Rue Abel-Gance','France','92611','Nantes');
INSERT INTO address VALUES (4,'Devon Street','New Zealand','29971','Greymouth');
INSERT INTO address VALUES (5,'Calle del Pez','Spain','36189','La Palma');
INSERT INTO address VALUES (6,'Station Road','United Kingdom','R2V 8TG','Sunderland');
INSERT INTO address VALUES (7,'Evans Street','New Zealand','65469','Greymouth');
INSERT INTO address VALUES (8,'Eichenweg','Germany','78701','Wesel');
INSERT INTO address VALUES (9,'Valwood Pkwy','Australia','9915','Nowra');
INSERT INTO address VALUES (10,'Photinia Ave','Australia','4461','Queanbeyan');
INSERT INTO address VALUES (11,'Disputed Rd','Canada','C1T 2D1','Maitland');
INSERT INTO address VALUES (12,'Sunset St','United States','81817','Hampton');
INSERT INTO address VALUES (13,'Place de la Mairie','Switzerland','5714','Frick');
INSERT INTO address VALUES (14,'Lakeview St','United States','99384','Albany');
INSERT INTO address VALUES (15,'Maple Ave','Canada','U8O 2M1','Georgetown');
INSERT INTO address VALUES (16,'15th St','Canada','T3K 8N9','Maidstone');
INSERT INTO address VALUES (17,'W Sherman Dr','Australia','9335','Townsville');
INSERT INTO address VALUES (18,'Houtmansplantsoen','Netherlands','56344','Vollenhove');
INSERT INTO address VALUES (19,'De Pruikenmaker','Netherlands','68135','Grevenbicht');

INSERT INTO client VALUES (0,'Maya','Perkins',NULL,'maya.perkins@example.com','015394 13299',NULL,8);
INSERT INTO client VALUES (1,'Warren','Chambers',NULL,'warren.chambers@example.com','(822)-932-7012',NULL,6);
INSERT INTO client VALUES (2,'Rene','Stone',NULL,'rene.stone@example.com','05-5166-9313',NULL,1);
INSERT INTO client VALUES (3,'Eldar','Bakkejord',NULL,'eldar.bakkejord@example.com','56273397',NULL,4);
INSERT INTO client VALUES (4,'Brendan','Zoutendijk',NULL,'brendan.zoutendijk@example.com','(934)-042-3527',NULL,5);
INSERT INTO client VALUES (5,NULL,NULL,'Skipfire','ebbe.bergset@example.com','50439147','Ebbe Bergset',7);
INSERT INTO client VALUES (6,NULL,NULL,'Skyvu','lucas.brown@example.com','361-737-3775','Lucas Brown',3);
INSERT INTO client VALUES (7,NULL,NULL,'Skimia','ruby.wright@example.com','(830)-677-1381','Ruby Wright',9);
INSERT INTO client VALUES (8,NULL,NULL,'Yotz','elijah.brown@example.com','(038)-660-6983','Elijah Brown',0);
INSERT INTO client VALUES (9,NULL,NULL,'Vinder','tinita.oliveira@example.com','(72) 9816-7882','Tinita Oliveira',2);

INSERT INTO purchase VALUES (0,'2019-10-02','2020-04-01',8,9);
INSERT INTO purchase VALUES (1,'2019-02-06','2020-09-10',7,4);
INSERT INTO purchase VALUES (2,'2019-11-07','2020-09-06',9,7);
INSERT INTO purchase VALUES (3,'2019-04-15','2020-06-13',9,8);
INSERT INTO purchase VALUES (4,'2019-04-14','2020-11-19',6,0);
INSERT INTO purchase VALUES (5,'2019-01-12','2020-01-04',2,1);
INSERT INTO purchase VALUES (6,'2019-06-30','2020-01-29',1,4);
INSERT INTO purchase VALUES (7,'2019-01-03','2020-10-24',5,2);
INSERT INTO purchase VALUES (8,'2019-10-16','2020-03-30',4,9);
INSERT INTO purchase VALUES (9,'2019-04-06','2020-02-11',8,5);
INSERT INTO purchase VALUES (10,'2019-03-29','2020-03-20',4,9);
INSERT INTO purchase VALUES (11,'2019-12-16','2020-12-10',6,3);
INSERT INTO purchase VALUES (12,'2019-10-14','2020-01-16',2,9);
INSERT INTO purchase VALUES (13,'2019-09-07','2020-10-25',9,6);
INSERT INTO purchase VALUES (14,'2019-02-18','2020-12-10',1,1);
INSERT INTO purchase VALUES (15,'2019-07-21','2020-09-28',4,6);
INSERT INTO purchase VALUES (16,'2019-02-13','2020-04-10',2,6);
INSERT INTO purchase VALUES (17,'2019-10-22','2020-10-15',9,4);
INSERT INTO purchase VALUES (18,'2019-01-19','2020-11-13',3,3);
INSERT INTO purchase VALUES (19,'2019-04-28','2020-01-31',4,1);
INSERT INTO purchase VALUES (20,'2019-01-14','2020-03-18',4,9);
INSERT INTO purchase VALUES (21,'2019-07-09','2020-06-24',6,4);
INSERT INTO purchase VALUES (22,'2019-11-30','2020-06-07',5,7);
INSERT INTO purchase VALUES (23,'2019-01-19','2020-08-18',4,6);
INSERT INTO purchase VALUES (24,'2019-12-12','2020-01-27',1,5);
INSERT INTO purchase VALUES (25,'2019-01-04','2020-05-03',0,5);
INSERT INTO purchase VALUES (26,'2019-05-04','2020-03-02',8,2);
INSERT INTO purchase VALUES (27,'2019-06-12','2020-12-24',6,1);
INSERT INTO purchase VALUES (28,'2019-07-14','2020-10-30',9,6);
INSERT INTO purchase VALUES (29,'2019-10-14','2020-09-13',1,3);
INSERT INTO purchase VALUES (30,'2019-05-03','2020-08-21',5,0);
INSERT INTO purchase VALUES (31,'2019-11-14','2020-05-08',8,0);
INSERT INTO purchase VALUES (32,'2019-03-17','2020-11-07',9,5);
INSERT INTO purchase VALUES (33,'2019-01-25','2020-12-14',5,3);
INSERT INTO purchase VALUES (34,'2019-07-21','2020-03-01',4,0);
INSERT INTO purchase VALUES (35,'2019-08-26','2020-11-15',1,0);
INSERT INTO purchase VALUES (36,'2019-08-18','2020-01-09',8,3);
INSERT INTO purchase VALUES (37,'2019-04-13','2020-04-21',6,3);
INSERT INTO purchase VALUES (38,'2019-12-19','2020-05-04',2,5);
INSERT INTO purchase VALUES (39,'2019-11-25','2020-04-10',1,6);
INSERT INTO purchase VALUES (40,'2019-06-12','2020-07-15',7,6);
INSERT INTO purchase VALUES (41,'2019-04-05','2020-03-21',3,5);
INSERT INTO purchase VALUES (42,'2019-02-15','2020-06-08',3,5);
INSERT INTO purchase VALUES (43,'2019-02-11','2020-04-17',2,1);
INSERT INTO purchase VALUES (44,'2019-09-01','2020-08-19',1,5);
INSERT INTO purchase VALUES (45,'2019-08-17','2020-03-04',4,0);
INSERT INTO purchase VALUES (46,'2019-06-21','2020-02-28',5,6);
INSERT INTO purchase VALUES (47,'2019-12-20','2020-05-22',9,6);
INSERT INTO purchase VALUES (48,'2019-01-17','2020-04-20',7,5);
INSERT INTO purchase VALUES (49,'2019-04-08','2020-11-17',3,1);

INSERT INTO part VALUES ('C32','Cadre',8);
INSERT INTO part VALUES ('C34','Cadre',0);
INSERT INTO part VALUES ('C76','Cadre',1);
INSERT INTO part VALUES ('C43','Cadre',3);
INSERT INTO part VALUES ('C44f','Cadre',14);
INSERT INTO part VALUES ('C43f','Cadre',3);
INSERT INTO part VALUES ('C01','Cadre',8);
INSERT INTO part VALUES ('C02','Cadre',2);
INSERT INTO part VALUES ('C15','Cadre',7);
INSERT INTO part VALUES ('C87','Cadre',14);
INSERT INTO part VALUES ('C87f','Cadre',15);
INSERT INTO part VALUES ('C25','Cadre',8);
INSERT INTO part VALUES ('C26','Cadre',11);
INSERT INTO part VALUES ('G7','Guidon',11);
INSERT INTO part VALUES ('G9','Guidon',3);
INSERT INTO part VALUES ('G12','Guidon',14);
INSERT INTO part VALUES ('F3','Freins',11);
INSERT INTO part VALUES ('F9','Freins',0);
INSERT INTO part VALUES ('S88','Selle',15);
INSERT INTO part VALUES ('S35','Selle',7);
INSERT INTO part VALUES ('S37','Selle',10);
INSERT INTO part VALUES ('S02','Selle',14);
INSERT INTO part VALUES ('S03','Selle',14);
INSERT INTO part VALUES ('S36','Selle',7);
INSERT INTO part VALUES ('S34','Selle',13);
INSERT INTO part VALUES ('S87','Selle',11);
INSERT INTO part VALUES ('DV133','Derailleur Avant',14);
INSERT INTO part VALUES ('DV17','Derailleur Avant',8);
INSERT INTO part VALUES ('DV87','Derailleur Avant',10);
INSERT INTO part VALUES ('DV57','Derailleur Avant',7);
INSERT INTO part VALUES ('DV15','Derailleur Avant',2);
INSERT INTO part VALUES ('DV41','Derailleur Avant',0);
INSERT INTO part VALUES ('DV132','Derailleur Avant',2);
INSERT INTO part VALUES ('DR56','Derailleur Arriere',12);
INSERT INTO part VALUES ('DR87','Derailleur Arriere',2);
INSERT INTO part VALUES ('DR86','Derailleur Arriere',9);
INSERT INTO part VALUES ('DR23','Derailleur Arriere',14);
INSERT INTO part VALUES ('DR76','Derailleur Arriere',6);
INSERT INTO part VALUES ('DR52','Derailleur Arriere',12);
INSERT INTO part VALUES ('R46','Roue',5);
INSERT INTO part VALUES ('R47','Roue',0);
INSERT INTO part VALUES ('R32','Roue',9);
INSERT INTO part VALUES ('R18','Roue',13);
INSERT INTO part VALUES ('R2','Roue',6);
INSERT INTO part VALUES ('R45','Roue',14);
INSERT INTO part VALUES ('R48','Roue',2);
INSERT INTO part VALUES ('R12','Roue',13);
INSERT INTO part VALUES ('R19','Roue',15);
INSERT INTO part VALUES ('R1','Roue',12);
INSERT INTO part VALUES ('R11','Roue',9);
INSERT INTO part VALUES ('R44','Roue',6);
INSERT INTO part VALUES ('R02','Reflecteurs',11);
INSERT INTO part VALUES ('R09','Reflecteurs',14);
INSERT INTO part VALUES ('R10','Reflecteurs',0);
INSERT INTO part VALUES ('P12','Pedalier',6);
INSERT INTO part VALUES ('P34','Pedalier',10);
INSERT INTO part VALUES ('P1','Pedalier',2);
INSERT INTO part VALUES ('P15','Pedalier',3);
INSERT INTO part VALUES ('O2','Ordinateur',14);
INSERT INTO part VALUES ('O4','Ordinateur',5);
INSERT INTO part VALUES ('S01','Panier',14);
INSERT INTO part VALUES ('S05','Panier',12);
INSERT INTO part VALUES ('S74','Panier',11);
INSERT INTO part VALUES ('S73','Panier',10);

INSERT INTO supplier VALUES ('69617349802182','Twimm','Malik Campbell',NULL,'13');
INSERT INTO supplier VALUES ('31399122576604','Skiba','Melodie Novak',NULL,'11');
INSERT INTO supplier VALUES ('74123386671846','Kazu','Leo Kinnunen',NULL,'18');
INSERT INTO supplier VALUES ('79538810526662','Kaymbo','Logan Bergeron',NULL,'15');
INSERT INTO supplier VALUES ('22226233847434','Eidel','Aleksi Kangas',NULL,'10');
INSERT INTO supplier VALUES ('82179531543727','Jabberstorm','Ruby Wood',NULL,'16');
INSERT INTO supplier VALUES ('53918666857318','Tagchat','Maxence Marie',NULL,'17');
INSERT INTO supplier VALUES ('89870150730024','Skinder','Marko Fabre',NULL,'14');
INSERT INTO supplier VALUES ('95301174431855','Quimba','Topias Lampi',NULL,'12');
INSERT INTO supplier VALUES ('64872293872118','Eayo','Wilma Leicht',NULL,'19');

INSERT INTO bicycle VALUES (101,'Kilimandjaro','Adultes',569,'VTT','2014-10-22','2026-04-19',3);
INSERT INTO bicycle VALUES (102,'NorthPole','Adultes',329,'VTT','2019-06-08','2023-07-06',1);
INSERT INTO bicycle VALUES (103,'MontBlanc','Jeunes',399,'VTT','2016-02-27','2031-04-28',2);
INSERT INTO bicycle VALUES (104,'Hooligan','Jeunes',199,'VTT','2016-08-04','2029-05-05',0);
INSERT INTO bicycle VALUES (105,'Orleans','Hommes',229,'Velo de course','2014-12-19','2025-02-11',2);
INSERT INTO bicycle VALUES (106,'Orleans','Dames',229,'Velo de course','2016-04-06','2028-02-01',0);
INSERT INTO bicycle VALUES (107,'BlueJay','Hommes',349,'Velo de course','2018-12-04','2034-07-30',4);
INSERT INTO bicycle VALUES (108,'BlueJay','Dames',349,'Velo de course','2015-02-17','2031-06-21',5);
INSERT INTO bicycle VALUES (109,'Trail Explorer','Filles',129,'Classique','2015-11-03','2028-04-08',4);
INSERT INTO bicycle VALUES (110,'Trail Explorer','Garcons',129,'Classique','2018-04-28','2032-11-30',3);
INSERT INTO bicycle VALUES (111,'Night Hawk','Jeunes',189,'Classique','2012-08-25','2031-06-02',2);
INSERT INTO bicycle VALUES (112,'Tierra Verde','Hommes',199,'Classique','2018-08-29','2031-01-12',1);
INSERT INTO bicycle VALUES (113,'Tierra Verde','Dames',199,'Classique','2016-04-14','2029-06-04',4);
INSERT INTO bicycle VALUES (114,'Mud Zinger I','Jeunes',279,'BMX','2015-11-12','2023-07-07',1);
INSERT INTO bicycle VALUES (115,'Mud Zinger II','Adultes',359 ,'BMX','2016-02-08','2026-07-24',1);

INSERT INTO loyaltyprogram VALUES (1,15,1,5,'Fidelio');
INSERT INTO loyaltyprogram VALUES (2,25,2,8,'Fidelio Or');
INSERT INTO loyaltyprogram VALUES (3,60,3,10,'Fidelio Platine');
INSERT INTO loyaltyprogram VALUES (4,100,4,12,'Fidelio Max');

INSERT INTO providedpart VALUES ('DR23','69617349802182',100,'2015-07-24','2024-09-02',5);
INSERT INTO providedpart VALUES ('R19','69617349802182',21,'2018-01-24','2030-01-30',9);
INSERT INTO providedpart VALUES ('R48','69617349802182',57,'2012-09-02','2032-02-14',6);
INSERT INTO providedpart VALUES ('C43','69617349802182',60,'2015-11-01','2034-04-11',10);
INSERT INTO providedpart VALUES ('DV41','69617349802182',89,'2015-01-24','2034-04-16',3);
INSERT INTO providedpart VALUES ('DV87','69617349802182',18,'2013-03-27','2024-12-18',4);
INSERT INTO providedpart VALUES ('S03','69617349802182',48,'2016-02-13','2026-04-21',1);
INSERT INTO providedpart VALUES ('R45','69617349802182',78,'2018-05-17','2031-06-19',2);
INSERT INTO providedpart VALUES ('DR76','69617349802182',93,'2019-12-27','2030-11-14',10);
INSERT INTO providedpart VALUES ('C44f','69617349802182',56,'2016-03-21','2023-04-24',10);
INSERT INTO providedpart VALUES ('R12','69617349802182',43,'2013-03-09','2023-08-13',4);
INSERT INTO providedpart VALUES ('DV15','31399122576604',14,'2015-12-20','2026-02-13',2);
INSERT INTO providedpart VALUES ('S05','31399122576604',60,'2015-09-02','2034-02-03',10);
INSERT INTO providedpart VALUES ('S03','31399122576604',28,'2019-10-04','2031-09-05',4);
INSERT INTO providedpart VALUES ('DR76','31399122576604',72,'2019-07-12','2022-10-04',6);
INSERT INTO providedpart VALUES ('DV133','31399122576604',59,'2018-08-06','2029-03-31',4);
INSERT INTO providedpart VALUES ('R09','31399122576604',25,'2012-01-07','2029-09-16',10);
INSERT INTO providedpart VALUES ('DV17','31399122576604',28,'2017-10-18','2022-05-30',4);
INSERT INTO providedpart VALUES ('R44','74123386671846',81,'2018-09-09','2031-10-27',4);
INSERT INTO providedpart VALUES ('P12','74123386671846',24,'2014-09-02','2033-05-13',1);
INSERT INTO providedpart VALUES ('P15','74123386671846',48,'2014-04-12','2027-03-30',6);
INSERT INTO providedpart VALUES ('R10','74123386671846',83,'2015-09-08','2033-05-05',8);
INSERT INTO providedpart VALUES ('DV57','74123386671846',38,'2016-06-13','2027-01-03',7);
INSERT INTO providedpart VALUES ('S37','74123386671846',36,'2016-07-21','2029-01-31',8);
INSERT INTO providedpart VALUES ('S35','74123386671846',21,'2014-05-02','2033-04-05',4);
INSERT INTO providedpart VALUES ('S01','74123386671846',80,'2012-05-08','2022-02-12',10);
INSERT INTO providedpart VALUES ('P34','74123386671846',65,'2017-08-09','2033-04-26',6);
INSERT INTO providedpart VALUES ('C25','74123386671846',64,'2018-04-05','2025-12-19',8);
INSERT INTO providedpart VALUES ('C44f','74123386671846',81,'2015-03-02','2026-01-08',5);
INSERT INTO providedpart VALUES ('R47','74123386671846',25,'2012-12-11','2026-02-27',7);
INSERT INTO providedpart VALUES ('S35','79538810526662',24,'2015-08-13','2028-05-13',5);
INSERT INTO providedpart VALUES ('R32','79538810526662',65,'2016-03-05','2025-12-05',1);
INSERT INTO providedpart VALUES ('DV41','79538810526662',48,'2018-05-13','2023-04-21',5);
INSERT INTO providedpart VALUES ('S05','79538810526662',23,'2015-12-08','2027-11-01',9);
INSERT INTO providedpart VALUES ('P15','79538810526662',31,'2019-02-16','2025-01-20',9);
INSERT INTO providedpart VALUES ('C87f','79538810526662',80,'2014-06-13','2030-11-15',5);
INSERT INTO providedpart VALUES ('R1','79538810526662',87,'2017-01-31','2023-04-27',4);
INSERT INTO providedpart VALUES ('C43f','79538810526662',40,'2017-01-31','2034-03-18',1);
INSERT INTO providedpart VALUES ('DR52','22226233847434',36,'2018-10-23','2031-07-04',10);
INSERT INTO providedpart VALUES ('DR56','22226233847434',89,'2018-11-28','2034-06-07',9);
INSERT INTO providedpart VALUES ('F9','22226233847434',84,'2017-04-03','2028-09-02',5);
INSERT INTO providedpart VALUES ('C25','22226233847434',47,'2013-07-13','2027-06-28',5);
INSERT INTO providedpart VALUES ('C87','22226233847434',84,'2018-06-20','2022-07-29',10);
INSERT INTO providedpart VALUES ('S74','22226233847434',39,'2014-09-01','2025-04-13',3);
INSERT INTO providedpart VALUES ('R02','22226233847434',49,'2014-03-19','2031-11-17',5);
INSERT INTO providedpart VALUES ('P1','22226233847434',62,'2016-05-08','2029-11-19',1);
INSERT INTO providedpart VALUES ('DV132','22226233847434',49,'2019-03-01','2034-05-12',4);
INSERT INTO providedpart VALUES ('C15','22226233847434',59,'2018-08-14','2030-08-22',1);
INSERT INTO providedpart VALUES ('G9','22226233847434',57,'2016-01-28','2034-03-16',2);
INSERT INTO providedpart VALUES ('O4','22226233847434',63,'2019-12-17','2028-02-24',9);
INSERT INTO providedpart VALUES ('C76','22226233847434',33,'2015-10-09','2027-12-18',5);
INSERT INTO providedpart VALUES ('DR23','82179531543727',78,'2015-04-28','2027-10-14',6);
INSERT INTO providedpart VALUES ('C44f','82179531543727',73,'2012-01-05','2029-06-29',10);
INSERT INTO providedpart VALUES ('F3','82179531543727',40,'2016-11-02','2026-09-20',8);
INSERT INTO providedpart VALUES ('C34','82179531543727',69,'2016-08-28','2029-07-27',10);
INSERT INTO providedpart VALUES ('S88','82179531543727',74,'2012-02-24','2023-12-08',8);
INSERT INTO providedpart VALUES ('S34','82179531543727',89,'2015-12-24','2027-03-07',1);
INSERT INTO providedpart VALUES ('C43f','82179531543727',67,'2018-03-02','2032-02-27',4);
INSERT INTO providedpart VALUES ('C76','82179531543727',72,'2012-12-27','2034-04-13',9);
INSERT INTO providedpart VALUES ('S74','82179531543727',47,'2014-06-11','2028-11-30',7);
INSERT INTO providedpart VALUES ('DV132','82179531543727',77,'2019-07-22','2027-12-03',1);
INSERT INTO providedpart VALUES ('S35','82179531543727',95,'2017-08-17','2025-10-17',2);
INSERT INTO providedpart VALUES ('C26','82179531543727',17,'2019-06-14','2034-06-15',3);
INSERT INTO providedpart VALUES ('P34','82179531543727',91,'2015-06-12','2029-12-29',2);
INSERT INTO providedpart VALUES ('S02','53918666857318',48,'2016-05-26','2028-11-06',5);
INSERT INTO providedpart VALUES ('DV17','53918666857318',23,'2019-12-01','2031-12-12',7);
INSERT INTO providedpart VALUES ('DR23','53918666857318',89,'2017-07-23','2033-09-13',7);
INSERT INTO providedpart VALUES ('DV133','53918666857318',57,'2016-04-28','2025-12-22',5);
INSERT INTO providedpart VALUES ('R47','53918666857318',89,'2018-02-13','2027-01-28',7);
INSERT INTO providedpart VALUES ('R46','89870150730024',89,'2013-04-11','2033-12-31',5);
INSERT INTO providedpart VALUES ('R02','89870150730024',15,'2014-12-26','2022-12-05',5);
INSERT INTO providedpart VALUES ('G7','89870150730024',97,'2016-04-23','2030-10-02',9);
INSERT INTO providedpart VALUES ('R19','89870150730024',11,'2012-07-02','2032-04-08',9);
INSERT INTO providedpart VALUES ('R45','89870150730024',75,'2016-01-19','2032-09-16',7);
INSERT INTO providedpart VALUES ('DR52','95301174431855',21,'2017-04-13','2022-01-20',4);
INSERT INTO providedpart VALUES ('C02','95301174431855',47,'2017-10-28','2023-02-25',7);
INSERT INTO providedpart VALUES ('S73','95301174431855',98,'2017-05-17','2027-07-19',2);
INSERT INTO providedpart VALUES ('R1','95301174431855',49,'2012-01-22','2026-07-27',4);
INSERT INTO providedpart VALUES ('DV133','95301174431855',30,'2015-05-17','2025-08-17',7);
INSERT INTO providedpart VALUES ('S74','95301174431855',71,'2012-05-03','2030-07-24',9);
INSERT INTO providedpart VALUES ('DR86','95301174431855',48,'2015-04-20','2029-11-25',1);
INSERT INTO providedpart VALUES ('C76','95301174431855',43,'2012-09-21','2029-09-14',3);
INSERT INTO providedpart VALUES ('R10','95301174431855',100,'2015-02-11','2031-03-29',10);
INSERT INTO providedpart VALUES ('P34','95301174431855',81,'2015-12-30','2029-06-05',3);
INSERT INTO providedpart VALUES ('S01','95301174431855',94,'2019-03-31','2033-03-24',5);
INSERT INTO providedpart VALUES ('S87','64872293872118',59,'2019-02-03','2034-10-21',1);
INSERT INTO providedpart VALUES ('C02','64872293872118',53,'2015-12-03','2022-07-01',8);
INSERT INTO providedpart VALUES ('DR52','64872293872118',43,'2014-01-13','2032-02-14',7);
INSERT INTO providedpart VALUES ('R2','64872293872118',41,'2015-08-25','2025-01-26',4);
INSERT INTO providedpart VALUES ('DV132','64872293872118',68,'2019-06-27','2023-03-07',3);
INSERT INTO providedpart VALUES ('S35','64872293872118',42,'2013-04-02','2025-02-17',6);
INSERT INTO providedpart VALUES ('R32','64872293872118',89,'2013-03-03','2027-01-29',5);
INSERT INTO providedpart VALUES ('C26','64872293872118',26,'2014-06-17','2028-09-18',5);
INSERT INTO providedpart VALUES ('G7','64872293872118',79,'2017-09-01','2023-11-20',3);
INSERT INTO providedpart VALUES ('R19','64872293872118',96,'2014-08-20','2027-09-15',5);
INSERT INTO providedpart VALUES ('G12','64872293872118',13,'2014-06-12','2029-05-08',4);
INSERT INTO providedpart VALUES ('C34','64872293872118',81,'2018-11-14','2026-10-01',9);
INSERT INTO providedpart VALUES ('DV17','64872293872118',36,'2018-02-20','2033-03-15',5);
INSERT INTO providedpart VALUES ('DV41','64872293872118',15,'2015-11-29','2025-12-27',1);
INSERT INTO providedpart VALUES ('C32','64872293872118',36,'2012-06-30','2022-05-09',6);
INSERT INTO providedpart VALUES ('DR87','64872293872118',35,'2019-05-09','2023-09-21',7);
INSERT INTO providedpart VALUES ('C43f','69617349802182',80,'2012-05-23','2032-02-14',10);
INSERT INTO providedpart VALUES ('DV15','69617349802182',61,'2018-08-17','2027-11-20',7);
INSERT INTO providedpart VALUES ('R09','69617349802182',62,'2019-05-07','2031-11-29',3);
INSERT INTO providedpart VALUES ('G9','69617349802182',13,'2015-03-23','2031-04-29',7);
INSERT INTO providedpart VALUES ('S35','69617349802182',60,'2015-02-19','2032-09-22',1);
INSERT INTO providedpart VALUES ('C15','69617349802182',46,'2016-09-15','2024-05-06',5);
INSERT INTO providedpart VALUES ('DR86','69617349802182',69,'2016-09-13','2025-07-21',7);
INSERT INTO providedpart VALUES ('P15','69617349802182',86,'2016-11-20','2033-03-28',2);
INSERT INTO providedpart VALUES ('DR86','31399122576604',21,'2013-08-25','2030-09-16',4);
INSERT INTO providedpart VALUES ('F3','31399122576604',68,'2015-02-06','2029-01-08',6);
INSERT INTO providedpart VALUES ('S02','31399122576604',32,'2015-10-29','2024-11-18',3);
INSERT INTO providedpart VALUES ('R2','31399122576604',45,'2013-02-16','2031-06-04',9);
INSERT INTO providedpart VALUES ('G12','31399122576604',25,'2017-01-21','2029-11-20',8);
INSERT INTO providedpart VALUES ('F9','31399122576604',99,'2012-11-17','2026-12-24',2);
INSERT INTO providedpart VALUES ('C15','31399122576604',51,'2012-12-25','2030-06-26',1);
INSERT INTO providedpart VALUES ('R32','31399122576604',48,'2012-01-24','2025-10-09',3);
INSERT INTO providedpart VALUES ('C26','31399122576604',92,'2017-03-25','2022-06-02',8);
INSERT INTO providedpart VALUES ('DR87','31399122576604',54,'2019-05-17','2022-08-24',10);
INSERT INTO providedpart VALUES ('S73','31399122576604',18,'2018-12-25','2029-07-14',1);
INSERT INTO providedpart VALUES ('R1','74123386671846',39,'2012-10-01','2026-03-19',8);
INSERT INTO providedpart VALUES ('C26','74123386671846',63,'2016-04-16','2024-09-22',5);
INSERT INTO providedpart VALUES ('C87f','74123386671846',92,'2019-04-07','2032-10-08',8);
INSERT INTO providedpart VALUES ('R2','74123386671846',56,'2016-05-30','2029-12-09',3);
INSERT INTO providedpart VALUES ('DV132','74123386671846',39,'2014-12-15','2031-05-21',9);
INSERT INTO providedpart VALUES ('C26','79538810526662',79,'2015-10-01','2026-10-03',4);
INSERT INTO providedpart VALUES ('R18','79538810526662',80,'2015-12-17','2026-11-23',7);
INSERT INTO providedpart VALUES ('DR52','79538810526662',10,'2016-08-11','2022-02-10',6);
INSERT INTO providedpart VALUES ('DV132','79538810526662',88,'2019-06-11','2023-04-18',6);
INSERT INTO providedpart VALUES ('S74','79538810526662',20,'2019-11-19','2034-01-06',2);
INSERT INTO providedpart VALUES ('DR56','79538810526662',51,'2015-08-23','2022-07-01',8);
INSERT INTO providedpart VALUES ('P12','22226233847434',78,'2017-07-02','2034-01-01',3);
INSERT INTO providedpart VALUES ('S01','22226233847434',56,'2018-10-24','2034-09-17',1);
INSERT INTO providedpart VALUES ('G7','22226233847434',98,'2015-02-28','2033-06-23',5);
INSERT INTO providedpart VALUES ('S88','22226233847434',81,'2018-12-12','2028-02-15',7);
INSERT INTO providedpart VALUES ('DV87','22226233847434',89,'2015-01-12','2023-12-01',5);
INSERT INTO providedpart VALUES ('S34','22226233847434',75,'2013-08-12','2030-07-03',1);
INSERT INTO providedpart VALUES ('R45','22226233847434',98,'2017-09-28','2023-08-27',6);
INSERT INTO providedpart VALUES ('C87f','82179531543727',47,'2013-06-28','2029-12-07',8);
INSERT INTO providedpart VALUES ('F9','82179531543727',12,'2016-04-26','2032-02-25',4);
INSERT INTO providedpart VALUES ('G12','82179531543727',39,'2019-09-25','2027-03-02',6);
INSERT INTO providedpart VALUES ('S05','82179531543727',45,'2013-02-18','2028-05-19',9);
INSERT INTO providedpart VALUES ('R46','82179531543727',43,'2014-07-03','2034-07-11',4);
INSERT INTO providedpart VALUES ('C02','82179531543727',17,'2014-07-19','2024-02-15',10);
INSERT INTO providedpart VALUES ('S87','82179531543727',92,'2013-10-01','2027-05-04',4);
INSERT INTO providedpart VALUES ('S37','82179531543727',58,'2017-06-10','2033-03-11',6);
INSERT INTO providedpart VALUES ('C15','82179531543727',27,'2013-12-09','2029-06-10',7);
INSERT INTO providedpart VALUES ('DR86','82179531543727',70,'2018-08-06','2024-04-20',3);
INSERT INTO providedpart VALUES ('P1','82179531543727',98,'2012-06-22','2029-08-13',1);
INSERT INTO providedpart VALUES ('R12','82179531543727',36,'2018-01-06','2024-09-08',1);
INSERT INTO providedpart VALUES ('DV133','82179531543727',60,'2013-11-28','2022-07-10',8);
INSERT INTO providedpart VALUES ('O2','82179531543727',80,'2017-09-18','2034-11-18',8);
INSERT INTO providedpart VALUES ('S73','82179531543727',15,'2014-04-05','2034-04-18',4);
INSERT INTO providedpart VALUES ('C87','53918666857318',81,'2019-10-01','2032-07-22',4);
INSERT INTO providedpart VALUES ('C43f','53918666857318',78,'2018-05-10','2030-09-02',1);
INSERT INTO providedpart VALUES ('R02','53918666857318',12,'2016-04-28','2024-12-19',4);
INSERT INTO providedpart VALUES ('F9','53918666857318',19,'2012-04-14','2025-09-26',2);
INSERT INTO providedpart VALUES ('S35','53918666857318',15,'2017-01-15','2033-04-03',10);
INSERT INTO providedpart VALUES ('R48','53918666857318',18,'2019-08-02','2034-11-03',6);
INSERT INTO providedpart VALUES ('S36','53918666857318',73,'2015-09-27','2030-03-25',3);
INSERT INTO providedpart VALUES ('S74','53918666857318',23,'2016-07-06','2023-05-31',8);
INSERT INTO providedpart VALUES ('DV57','53918666857318',61,'2017-01-01','2034-08-29',5);
INSERT INTO providedpart VALUES ('O4','53918666857318',79,'2017-11-05','2031-07-23',1);
INSERT INTO providedpart VALUES ('R19','53918666857318',100,'2015-01-11','2033-11-11',4);
INSERT INTO providedpart VALUES ('S88','53918666857318',38,'2017-02-01','2030-01-08',1);
INSERT INTO providedpart VALUES ('R1','89870150730024',26,'2014-01-07','2028-06-05',4);
INSERT INTO providedpart VALUES ('C26','89870150730024',30,'2018-07-12','2033-08-28',8);
INSERT INTO providedpart VALUES ('R12','89870150730024',45,'2018-02-20','2033-02-14',8);
INSERT INTO providedpart VALUES ('C25','89870150730024',60,'2015-04-18','2026-05-15',8);
INSERT INTO providedpart VALUES ('DR86','89870150730024',18,'2019-03-19','2032-11-15',9);
INSERT INTO providedpart VALUES ('O4','89870150730024',44,'2019-09-06','2026-10-15',7);
INSERT INTO providedpart VALUES ('DV17','89870150730024',73,'2014-12-23','2029-11-08',9);
INSERT INTO providedpart VALUES ('F9','89870150730024',24,'2015-11-25','2023-10-14',1);
INSERT INTO providedpart VALUES ('F3','89870150730024',52,'2015-08-06','2026-12-29',7);
INSERT INTO providedpart VALUES ('S87','89870150730024',81,'2016-09-28','2027-06-03',3);
INSERT INTO providedpart VALUES ('R48','95301174431855',77,'2015-03-04','2031-10-16',5);
INSERT INTO providedpart VALUES ('R46','95301174431855',99,'2012-11-16','2032-03-04',5);
INSERT INTO providedpart VALUES ('C32','95301174431855',42,'2012-12-28','2026-05-24',4);
INSERT INTO providedpart VALUES ('P1','95301174431855',95,'2015-02-17','2024-03-17',5);
INSERT INTO providedpart VALUES ('C25','95301174431855',16,'2017-08-18','2032-06-07',1);
INSERT INTO providedpart VALUES ('DV57','64872293872118',28,'2017-08-23','2024-10-09',7);
INSERT INTO providedpart VALUES ('R45','64872293872118',49,'2012-06-28','2024-11-24',3);
INSERT INTO providedpart VALUES ('C43','64872293872118',56,'2012-04-18','2031-05-13',1);
INSERT INTO providedpart VALUES ('F3','64872293872118',40,'2015-01-26','2026-12-22',4);
INSERT INTO providedpart VALUES ('DR23','64872293872118',33,'2018-12-16','2034-11-02',1);
INSERT INTO providedpart VALUES ('C76','64872293872118',33,'2017-11-30','2027-06-05',5);
INSERT INTO providedpart VALUES ('C87f','64872293872118',25,'2013-02-26','2023-11-18',6);
INSERT INTO providedpart VALUES ('R10','69617349802182',54,'2016-12-08','2026-06-14',5);
INSERT INTO providedpart VALUES ('C87','69617349802182',10,'2018-10-19','2022-06-08',4);
INSERT INTO providedpart VALUES ('R47','69617349802182',95,'2017-12-18','2030-08-17',7);
INSERT INTO providedpart VALUES ('DR87','69617349802182',63,'2019-02-08','2030-02-06',9);
INSERT INTO providedpart VALUES ('DR56','69617349802182',16,'2015-10-17','2026-01-07',7);
INSERT INTO providedpart VALUES ('O4','69617349802182',58,'2018-06-04','2027-02-26',4);
INSERT INTO providedpart VALUES ('C32','69617349802182',16,'2017-10-06','2030-07-13',8);
INSERT INTO providedpart VALUES ('C26','69617349802182',12,'2016-01-07','2022-11-18',6);
INSERT INTO providedpart VALUES ('S05','69617349802182',55,'2016-01-13','2030-04-09',6);
INSERT INTO providedpart VALUES ('S74','69617349802182',98,'2018-11-06','2034-10-29',1);
INSERT INTO providedpart VALUES ('F9','69617349802182',33,'2014-01-12','2030-08-06',9);
INSERT INTO providedpart VALUES ('DV133','69617349802182',78,'2019-07-16','2033-04-21',1);
INSERT INTO providedpart VALUES ('P1','31399122576604',37,'2016-10-15','2030-05-16',5);
INSERT INTO providedpart VALUES ('S01','31399122576604',10,'2015-03-10','2023-05-18',4);
INSERT INTO providedpart VALUES ('DV87','31399122576604',85,'2019-05-20','2028-10-29',5);
INSERT INTO providedpart VALUES ('C87f','31399122576604',84,'2012-08-26','2034-08-19',3);
INSERT INTO providedpart VALUES ('C02','31399122576604',78,'2018-07-07','2034-04-02',3);
INSERT INTO providedpart VALUES ('S35','31399122576604',91,'2012-12-16','2033-11-25',2);
INSERT INTO providedpart VALUES ('DV132','31399122576604',73,'2012-08-10','2024-03-01',5);
INSERT INTO providedpart VALUES ('DR23','74123386671846',62,'2018-07-07','2031-09-27',7);
INSERT INTO providedpart VALUES ('R46','74123386671846',92,'2016-07-29','2032-03-14',9);
INSERT INTO providedpart VALUES ('O4','74123386671846',58,'2014-08-09','2026-12-26',2);
INSERT INTO providedpart VALUES ('DR86','74123386671846',61,'2012-07-02','2034-10-19',7);
INSERT INTO providedpart VALUES ('C87','74123386671846',99,'2015-10-02','2028-08-26',4);
INSERT INTO providedpart VALUES ('C32','74123386671846',85,'2012-03-26','2025-11-21',6);
INSERT INTO providedpart VALUES ('R18','74123386671846',87,'2015-04-22','2032-03-31',9);
INSERT INTO providedpart VALUES ('S73','74123386671846',39,'2018-11-11','2030-12-20',7);
INSERT INTO providedpart VALUES ('R09','74123386671846',100,'2017-10-17','2027-12-12',9);
INSERT INTO providedpart VALUES ('DV133','74123386671846',67,'2013-07-05','2025-09-04',6);
INSERT INTO providedpart VALUES ('S03','74123386671846',92,'2018-01-18','2023-04-16',6);
INSERT INTO providedpart VALUES ('S88','74123386671846',95,'2019-03-09','2023-09-12',8);
INSERT INTO providedpart VALUES ('C76','74123386671846',41,'2014-03-03','2031-07-05',10);
INSERT INTO providedpart VALUES ('S87','79538810526662',25,'2015-04-17','2027-04-18',7);
INSERT INTO providedpart VALUES ('G9','79538810526662',36,'2017-08-08','2023-06-11',5);
INSERT INTO providedpart VALUES ('DR76','79538810526662',79,'2019-06-22','2027-02-26',1);
INSERT INTO providedpart VALUES ('S01','79538810526662',30,'2015-03-23','2029-03-09',9);
INSERT INTO providedpart VALUES ('DV17','79538810526662',33,'2015-04-26','2022-05-19',7);
INSERT INTO providedpart VALUES ('C76','79538810526662',100,'2016-07-13','2024-12-07',6);
INSERT INTO providedpart VALUES ('R2','79538810526662',64,'2016-03-29','2022-06-29',8);
INSERT INTO providedpart VALUES ('C01','79538810526662',25,'2017-01-31','2034-04-20',9);
INSERT INTO providedpart VALUES ('C87','79538810526662',25,'2012-02-07','2031-01-21',8);
INSERT INTO providedpart VALUES ('C32','79538810526662',24,'2017-06-14','2031-01-07',9);
INSERT INTO providedpart VALUES ('S34','79538810526662',98,'2015-06-16','2023-04-07',3);
INSERT INTO providedpart VALUES ('R02','79538810526662',89,'2014-02-20','2032-08-21',5);
INSERT INTO providedpart VALUES ('R32','22226233847434',85,'2019-09-07','2032-06-13',7);
INSERT INTO providedpart VALUES ('S02','22226233847434',40,'2017-05-18','2032-07-24',8);
INSERT INTO providedpart VALUES ('P34','22226233847434',20,'2018-07-28','2033-08-15',2);
INSERT INTO providedpart VALUES ('C43','22226233847434',86,'2015-09-05','2028-08-11',9);
INSERT INTO providedpart VALUES ('R46','22226233847434',52,'2013-03-19','2026-11-22',8);
INSERT INTO providedpart VALUES ('R18','22226233847434',100,'2016-08-29','2024-01-29',6);
INSERT INTO providedpart VALUES ('DV15','22226233847434',21,'2013-12-27','2034-05-02',10);
INSERT INTO providedpart VALUES ('S37','22226233847434',66,'2013-09-09','2024-10-14',7);
INSERT INTO providedpart VALUES ('F3','22226233847434',96,'2016-05-04','2023-12-27',5);
INSERT INTO providedpart VALUES ('O2','22226233847434',32,'2016-07-12','2023-04-26',6);
INSERT INTO providedpart VALUES ('S36','82179531543727',74,'2012-05-23','2030-10-10',6);
INSERT INTO providedpart VALUES ('O4','82179531543727',72,'2016-07-30','2032-04-06',7);
INSERT INTO providedpart VALUES ('R09','82179531543727',83,'2014-09-29','2034-11-29',9);
INSERT INTO providedpart VALUES ('DV41','82179531543727',95,'2014-11-14','2029-01-18',10);
INSERT INTO providedpart VALUES ('S02','82179531543727',62,'2018-11-24','2030-06-06',10);
INSERT INTO providedpart VALUES ('R18','82179531543727',22,'2012-07-20','2032-12-26',5);
INSERT INTO providedpart VALUES ('DR76','82179531543727',63,'2015-12-09','2025-02-14',8);
INSERT INTO providedpart VALUES ('R2','53918666857318',39,'2014-02-15','2025-11-22',10);
INSERT INTO providedpart VALUES ('DV132','53918666857318',74,'2019-10-02','2028-11-05',8);
INSERT INTO providedpart VALUES ('R09','53918666857318',64,'2019-08-22','2024-10-06',9);
INSERT INTO providedpart VALUES ('C87f','53918666857318',15,'2014-09-30','2028-04-22',1);
INSERT INTO providedpart VALUES ('S05','53918666857318',14,'2012-01-25','2029-06-14',1);
INSERT INTO providedpart VALUES ('DV41','89870150730024',37,'2015-04-03','2022-03-18',2);
INSERT INTO providedpart VALUES ('R2','89870150730024',10,'2015-07-24','2034-01-09',6);
INSERT INTO providedpart VALUES ('P1','89870150730024',81,'2014-01-13','2029-04-18',3);
INSERT INTO providedpart VALUES ('C01','89870150730024',41,'2015-05-13','2031-06-12',8);
INSERT INTO providedpart VALUES ('DV57','89870150730024',77,'2016-01-12','2023-05-16',1);
INSERT INTO providedpart VALUES ('S34','89870150730024',100,'2014-03-12','2022-11-19',6);
INSERT INTO providedpart VALUES ('R11','89870150730024',86,'2017-01-21','2024-10-22',10);
INSERT INTO providedpart VALUES ('S02','89870150730024',40,'2014-09-19','2032-07-08',8);
INSERT INTO providedpart VALUES ('DR76','89870150730024',47,'2016-05-19','2022-01-20',3);
INSERT INTO providedpart VALUES ('S36','89870150730024',86,'2017-05-16','2031-08-24',7);
INSERT INTO providedpart VALUES ('C43','89870150730024',95,'2012-01-21','2034-04-13',8);
INSERT INTO providedpart VALUES ('R47','89870150730024',35,'2019-10-04','2026-09-24',8);
INSERT INTO providedpart VALUES ('DV15','89870150730024',69,'2013-07-04','2022-04-11',8);
INSERT INTO providedpart VALUES ('DV133','89870150730024',45,'2016-11-23','2023-06-25',6);
INSERT INTO providedpart VALUES ('P12','95301174431855',57,'2019-10-24','2030-07-12',4);
INSERT INTO providedpart VALUES ('F3','95301174431855',91,'2013-04-14','2033-07-18',8);
INSERT INTO providedpart VALUES ('C43f','95301174431855',96,'2019-06-22','2031-08-10',1);
INSERT INTO providedpart VALUES ('R11','95301174431855',21,'2018-12-28','2029-07-02',8);
INSERT INTO providedpart VALUES ('C15','95301174431855',38,'2013-12-08','2030-09-20',5);
INSERT INTO providedpart VALUES ('S37','95301174431855',40,'2019-07-25','2028-05-22',5);
INSERT INTO providedpart VALUES ('S88','95301174431855',60,'2016-07-20','2029-03-06',4);
INSERT INTO providedpart VALUES ('R45','95301174431855',19,'2015-02-15','2024-02-02',10);
INSERT INTO providedpart VALUES ('R47','95301174431855',20,'2014-01-15','2024-08-30',8);
INSERT INTO providedpart VALUES ('S74','64872293872118',49,'2013-01-23','2026-06-20',8);
INSERT INTO providedpart VALUES ('C44f','64872293872118',29,'2014-03-03','2032-07-19',4);
INSERT INTO providedpart VALUES ('P34','64872293872118',73,'2012-05-19','2023-03-18',9);
INSERT INTO providedpart VALUES ('DV133','64872293872118',67,'2016-12-11','2032-07-01',4);
INSERT INTO providedpart VALUES ('P12','64872293872118',63,'2019-12-14','2026-07-02',5);
INSERT INTO providedpart VALUES ('R46','64872293872118',34,'2017-11-13','2024-02-18',7);
INSERT INTO providedpart VALUES ('S37','64872293872118',57,'2018-04-15','2023-05-16',4);
INSERT INTO providedpart VALUES ('R1','64872293872118',66,'2016-11-12','2026-06-18',1);
INSERT INTO providedpart VALUES ('C25','64872293872118',98,'2014-06-11','2024-03-05',5);
INSERT INTO providedpart VALUES ('S02','64872293872118',16,'2014-09-11','2030-09-04',4);
INSERT INTO providedpart VALUES ('C15','64872293872118',27,'2016-01-26','2023-10-18',6);

INSERT INTO orderedpart VALUES (0,'C26',2);
INSERT INTO orderedpart VALUES (0,'C44f',1);
INSERT INTO orderedpart VALUES (0,'R48',2);
INSERT INTO orderedpart VALUES (0,'S88',1);
INSERT INTO orderedpart VALUES (0,'R2',3);
INSERT INTO orderedbicycle VALUES (0,108,1);
INSERT INTO orderedbicycle VALUES (0,113,1);
INSERT INTO orderedbicycle VALUES (0,110,1);
INSERT INTO orderedbicycle VALUES (1,102,1);
INSERT INTO orderedbicycle VALUES (1,113,2);
INSERT INTO orderedbicycle VALUES (2,102,1);
INSERT INTO orderedpart VALUES (3,'R48',1);
INSERT INTO orderedpart VALUES (3,'R47',1);
INSERT INTO orderedpart VALUES (3,'O2',1);
INSERT INTO orderedpart VALUES (3,'DV133',2);
INSERT INTO orderedpart VALUES (3,'DV132',2);
INSERT INTO orderedpart VALUES (3,'DV15',1);
INSERT INTO orderedbicycle VALUES (3,115,1);
INSERT INTO orderedbicycle VALUES (3,113,1);
INSERT INTO orderedbicycle VALUES (4,102,3);
INSERT INTO orderedpart VALUES (5,'C43',2);
INSERT INTO orderedpart VALUES (5,'DV41',1);
INSERT INTO orderedpart VALUES (5,'R02',1);
INSERT INTO orderedpart VALUES (5,'O2',1);
INSERT INTO orderedpart VALUES (5,'C87f',1);
INSERT INTO orderedpart VALUES (5,'DV132',1);
INSERT INTO orderedpart VALUES (5,'G7',1);
INSERT INTO orderedpart VALUES (5,'R1',1);
INSERT INTO orderedpart VALUES (5,'S03',1);
INSERT INTO orderedpart VALUES (5,'P1',1);
INSERT INTO orderedbicycle VALUES (5,108,1);
INSERT INTO orderedbicycle VALUES (5,109,1);
INSERT INTO orderedpart VALUES (6,'R10',2);
INSERT INTO orderedpart VALUES (6,'R2',1);
INSERT INTO orderedpart VALUES (6,'C34',3);
INSERT INTO orderedpart VALUES (6,'S37',2);
INSERT INTO orderedpart VALUES (6,'C87f',1);
INSERT INTO orderedpart VALUES (7,'C34',1);
INSERT INTO orderedpart VALUES (7,'O2',1);
INSERT INTO orderedpart VALUES (7,'C87f',3);
INSERT INTO orderedpart VALUES (7,'R02',1);
INSERT INTO orderedpart VALUES (7,'DV87',2);
INSERT INTO orderedpart VALUES (7,'DR52',1);
INSERT INTO orderedbicycle VALUES (8,102,1);
INSERT INTO orderedbicycle VALUES (8,114,1);
INSERT INTO orderedbicycle VALUES (8,110,1);
INSERT INTO orderedpart VALUES (9,'R47',1);
INSERT INTO orderedpart VALUES (9,'P1',1);
INSERT INTO orderedpart VALUES (9,'DR23',3);
INSERT INTO orderedpart VALUES (9,'C43',3);
INSERT INTO orderedpart VALUES (10,'G7',1);
INSERT INTO orderedpart VALUES (10,'DV17',1);
INSERT INTO orderedpart VALUES (10,'C76',1);
INSERT INTO orderedpart VALUES (10,'R18',1);
INSERT INTO orderedpart VALUES (10,'R46',1);
INSERT INTO orderedpart VALUES (10,'R09',2);
INSERT INTO orderedpart VALUES (10,'S35',1);
INSERT INTO orderedpart VALUES (10,'O2',2);
INSERT INTO orderedpart VALUES (10,'S36',2);
INSERT INTO orderedpart VALUES (10,'R2',1);
INSERT INTO orderedbicycle VALUES (10,106,1);
INSERT INTO orderedbicycle VALUES (10,112,1);
INSERT INTO orderedbicycle VALUES (11,108,1);
INSERT INTO orderedbicycle VALUES (11,104,1);
INSERT INTO orderedpart VALUES (12,'S88',1);
INSERT INTO orderedpart VALUES (12,'DR76',1);
INSERT INTO orderedpart VALUES (12,'F3',3);
INSERT INTO orderedpart VALUES (12,'DR52',1);
INSERT INTO orderedpart VALUES (13,'DV132',1);
INSERT INTO orderedpart VALUES (13,'DV57',1);
INSERT INTO orderedpart VALUES (13,'R11',2);
INSERT INTO orderedpart VALUES (13,'C43',3);
INSERT INTO orderedbicycle VALUES (13,107,1);
INSERT INTO orderedpart VALUES (14,'S02',1);
INSERT INTO orderedpart VALUES (14,'S03',1);
INSERT INTO orderedpart VALUES (14,'S87',1);
INSERT INTO orderedpart VALUES (15,'F9',3);
INSERT INTO orderedpart VALUES (15,'P15',1);
INSERT INTO orderedpart VALUES (15,'G7',1);
INSERT INTO orderedpart VALUES (16,'R32',2);
INSERT INTO orderedpart VALUES (16,'P34',2);
INSERT INTO orderedpart VALUES (16,'R19',3);
INSERT INTO orderedpart VALUES (16,'C44f',2);
INSERT INTO orderedbicycle VALUES (16,105,1);
INSERT INTO orderedpart VALUES (17,'R32',1);
INSERT INTO orderedpart VALUES (17,'R48',1);
INSERT INTO orderedbicycle VALUES (17,102,1);
INSERT INTO orderedbicycle VALUES (17,105,1);
INSERT INTO orderedpart VALUES (18,'R02',1);
INSERT INTO orderedpart VALUES (18,'S03',3);
INSERT INTO orderedpart VALUES (18,'DV17',1);
INSERT INTO orderedpart VALUES (18,'F3',1);
INSERT INTO orderedpart VALUES (18,'S87',3);
INSERT INTO orderedbicycle VALUES (18,102,1);
INSERT INTO orderedpart VALUES (19,'DR52',2);
INSERT INTO orderedpart VALUES (19,'S36',2);
INSERT INTO orderedpart VALUES (19,'C32',1);
INSERT INTO orderedpart VALUES (19,'DR76',1);
INSERT INTO orderedpart VALUES (20,'DR56',1);
INSERT INTO orderedpart VALUES (20,'C87',1);
INSERT INTO orderedpart VALUES (20,'P12',1);
INSERT INTO orderedpart VALUES (20,'S37',1);
INSERT INTO orderedpart VALUES (20,'R48',2);
INSERT INTO orderedpart VALUES (21,'DR87',2);
INSERT INTO orderedpart VALUES (21,'S73',1);
INSERT INTO orderedpart VALUES (21,'S37',2);
INSERT INTO orderedpart VALUES (21,'O4',1);
INSERT INTO orderedpart VALUES (21,'G7',1);
INSERT INTO orderedpart VALUES (21,'R1',2);
INSERT INTO orderedpart VALUES (21,'DV41',2);
INSERT INTO orderedpart VALUES (21,'C43',1);
INSERT INTO orderedpart VALUES (21,'C26',3);
INSERT INTO orderedbicycle VALUES (21,112,3);
INSERT INTO orderedpart VALUES (22,'DV57',1);
INSERT INTO orderedpart VALUES (22,'R10',3);
INSERT INTO orderedpart VALUES (22,'P1',1);
INSERT INTO orderedpart VALUES (22,'DV17',2);
INSERT INTO orderedpart VALUES (22,'R32',1);
INSERT INTO orderedpart VALUES (22,'DR52',1);
INSERT INTO orderedpart VALUES (22,'DR86',1);
INSERT INTO orderedpart VALUES (23,'C43',1);
INSERT INTO orderedpart VALUES (23,'C44f',2);
INSERT INTO orderedpart VALUES (23,'DV57',1);
INSERT INTO orderedbicycle VALUES (23,102,1);
INSERT INTO orderedbicycle VALUES (23,108,1);
INSERT INTO orderedbicycle VALUES (23,105,1);
INSERT INTO orderedbicycle VALUES (24,110,1);
INSERT INTO orderedbicycle VALUES (24,114,1);
INSERT INTO orderedbicycle VALUES (25,102,1);
INSERT INTO orderedbicycle VALUES (25,115,1);
INSERT INTO orderedbicycle VALUES (26,115,1);
INSERT INTO orderedbicycle VALUES (27,102,1);
INSERT INTO orderedbicycle VALUES (27,106,1);
INSERT INTO orderedbicycle VALUES (28,114,1);
INSERT INTO orderedbicycle VALUES (28,103,1);
INSERT INTO orderedbicycle VALUES (28,107,1);
INSERT INTO orderedbicycle VALUES (29,110,1);
INSERT INTO orderedbicycle VALUES (29,107,1);
INSERT INTO orderedpart VALUES (30,'R02',2);
INSERT INTO orderedpart VALUES (30,'C01',1);
INSERT INTO orderedpart VALUES (30,'R47',3);
INSERT INTO orderedpart VALUES (30,'DV41',1);
INSERT INTO orderedpart VALUES (30,'G12',1);
INSERT INTO orderedpart VALUES (30,'P15',1);
INSERT INTO orderedbicycle VALUES (30,108,1);
INSERT INTO orderedbicycle VALUES (30,111,1);
INSERT INTO orderedpart VALUES (31,'DR76',1);
INSERT INTO orderedpart VALUES (31,'DV87',1);
INSERT INTO orderedpart VALUES (32,'S34',1);
INSERT INTO orderedpart VALUES (32,'DR23',1);
INSERT INTO orderedpart VALUES (33,'O2',1);
INSERT INTO orderedpart VALUES (33,'R47',1);
INSERT INTO orderedpart VALUES (33,'R32',2);
INSERT INTO orderedpart VALUES (34,'R18',2);
INSERT INTO orderedpart VALUES (34,'DV132',1);
INSERT INTO orderedpart VALUES (34,'C87',1);
INSERT INTO orderedbicycle VALUES (34,107,1);
INSERT INTO orderedbicycle VALUES (34,103,1);
INSERT INTO orderedbicycle VALUES (34,105,1);
INSERT INTO orderedbicycle VALUES (35,107,1);
INSERT INTO orderedbicycle VALUES (35,108,3);
INSERT INTO orderedpart VALUES (36,'P12',1);
INSERT INTO orderedpart VALUES (36,'R18',1);
INSERT INTO orderedpart VALUES (36,'R45',2);
INSERT INTO orderedpart VALUES (36,'S73',1);
INSERT INTO orderedpart VALUES (37,'R47',1);
INSERT INTO orderedpart VALUES (37,'R02',1);
INSERT INTO orderedpart VALUES (37,'R19',2);
INSERT INTO orderedpart VALUES (37,'DV57',1);
INSERT INTO orderedpart VALUES (37,'P12',1);
INSERT INTO orderedpart VALUES (37,'DR86',1);
INSERT INTO orderedpart VALUES (37,'S37',1);
INSERT INTO orderedpart VALUES (37,'P15',1);
INSERT INTO orderedpart VALUES (38,'C43f',2);
INSERT INTO orderedpart VALUES (38,'R11',1);
INSERT INTO orderedpart VALUES (38,'DR52',1);
INSERT INTO orderedpart VALUES (38,'G9',2);
INSERT INTO orderedpart VALUES (38,'F3',1);
INSERT INTO orderedpart VALUES (38,'R45',1);
INSERT INTO orderedpart VALUES (38,'R02',1);
INSERT INTO orderedpart VALUES (38,'P12',2);
INSERT INTO orderedpart VALUES (38,'DR86',1);
INSERT INTO orderedpart VALUES (38,'R47',1);
INSERT INTO orderedbicycle VALUES (38,115,1);
INSERT INTO orderedbicycle VALUES (38,106,1);
INSERT INTO orderedbicycle VALUES (39,104,1);
INSERT INTO orderedbicycle VALUES (39,109,1);
INSERT INTO orderedpart VALUES (40,'C34',1);
INSERT INTO orderedpart VALUES (40,'S02',1);
INSERT INTO orderedpart VALUES (40,'C32',1);
INSERT INTO orderedpart VALUES (40,'G12',2);
INSERT INTO orderedpart VALUES (40,'DR87',3);
INSERT INTO orderedbicycle VALUES (40,104,1);
INSERT INTO orderedbicycle VALUES (40,101,1);
INSERT INTO orderedpart VALUES (41,'C01',2);
INSERT INTO orderedpart VALUES (41,'DV15',1);
INSERT INTO orderedpart VALUES (41,'R19',1);
INSERT INTO orderedpart VALUES (41,'R44',1);
INSERT INTO orderedpart VALUES (41,'S01',1);
INSERT INTO orderedpart VALUES (41,'S88',1);
INSERT INTO orderedpart VALUES (41,'DR87',1);
INSERT INTO orderedpart VALUES (41,'R12',1);
INSERT INTO orderedpart VALUES (41,'S37',1);
INSERT INTO orderedpart VALUES (41,'S35',1);
INSERT INTO orderedbicycle VALUES (41,115,1);
INSERT INTO orderedbicycle VALUES (41,113,1);
INSERT INTO orderedbicycle VALUES (42,101,1);
INSERT INTO orderedbicycle VALUES (42,105,2);
INSERT INTO orderedbicycle VALUES (43,111,1);
INSERT INTO orderedbicycle VALUES (43,114,1);
INSERT INTO orderedpart VALUES (44,'DV17',1);
INSERT INTO orderedpart VALUES (44,'R47',2);
INSERT INTO orderedpart VALUES (44,'DR76',1);
INSERT INTO orderedpart VALUES (44,'DV57',1);
INSERT INTO orderedpart VALUES (44,'DR86',1);
INSERT INTO orderedpart VALUES (44,'C26',1);
INSERT INTO orderedpart VALUES (44,'DV87',2);
INSERT INTO orderedpart VALUES (45,'R10',1);
INSERT INTO orderedpart VALUES (45,'S02',1);
INSERT INTO orderedpart VALUES (45,'DR56',1);
INSERT INTO orderedpart VALUES (45,'P34',3);
INSERT INTO orderedpart VALUES (45,'C01',1);
INSERT INTO orderedpart VALUES (45,'C43',1);
INSERT INTO orderedpart VALUES (45,'R19',1);
INSERT INTO orderedpart VALUES (45,'P1',1);
INSERT INTO orderedpart VALUES (45,'F9',1);
INSERT INTO orderedbicycle VALUES (45,102,1);
INSERT INTO orderedpart VALUES (46,'DR23',1);
INSERT INTO orderedpart VALUES (46,'C43',1);
INSERT INTO orderedpart VALUES (46,'S88',3);
INSERT INTO orderedpart VALUES (46,'C76',1);
INSERT INTO orderedpart VALUES (46,'C25',2);
INSERT INTO orderedpart VALUES (46,'G12',1);
INSERT INTO orderedbicycle VALUES (46,105,1);
INSERT INTO orderedbicycle VALUES (46,115,1);
INSERT INTO orderedpart VALUES (47,'G7',1);
INSERT INTO orderedpart VALUES (47,'F9',1);
INSERT INTO orderedpart VALUES (47,'DR52',1);
INSERT INTO orderedbicycle VALUES (47,104,1);
INSERT INTO orderedbicycle VALUES (47,107,1);
INSERT INTO orderedpart VALUES (48,'S03',1);
INSERT INTO orderedpart VALUES (48,'P15',1);
INSERT INTO orderedpart VALUES (48,'R47',1);
INSERT INTO orderedpart VALUES (48,'R12',1);
INSERT INTO orderedpart VALUES (48,'DR52',1);
INSERT INTO orderedpart VALUES (48,'DV133',1);
INSERT INTO orderedpart VALUES (48,'C25',1);
INSERT INTO orderedpart VALUES (48,'C02',1);
INSERT INTO orderedpart VALUES (48,'DR86',1);
INSERT INTO orderedpart VALUES (49,'R48',1);
INSERT INTO orderedpart VALUES (49,'C43f',2);
INSERT INTO orderedpart VALUES (49,'C32',1);
INSERT INTO orderedpart VALUES (49,'S88',1);
INSERT INTO orderedpart VALUES (49,'R2',2);
INSERT INTO orderedpart VALUES (49,'DR52',2);
INSERT INTO orderedbicycle VALUES (49,112,1);

INSERT INTO subscription VALUES (2,4,'2020-11-19');
INSERT INTO subscription VALUES (4,4,'2020-08-11');

INSERT INTO composition VALUES ('C32',101);
INSERT INTO composition VALUES ('G7',101);
INSERT INTO composition VALUES ('F3',101);
INSERT INTO composition VALUES ('S88',101);
INSERT INTO composition VALUES ('DV133',101);
INSERT INTO composition VALUES ('DR56',101);
INSERT INTO composition VALUES ('R45',101);
INSERT INTO composition VALUES ('R46',101);
INSERT INTO composition VALUES ('P12',101);
INSERT INTO composition VALUES ('O2',101);
INSERT INTO composition VALUES ('C34',102);
INSERT INTO composition VALUES ('G7',102);
INSERT INTO composition VALUES ('F3',102);
INSERT INTO composition VALUES ('S88',102);
INSERT INTO composition VALUES ('DV17',102);
INSERT INTO composition VALUES ('DR87',102);
INSERT INTO composition VALUES ('R48',102);
INSERT INTO composition VALUES ('R47',102);
INSERT INTO composition VALUES ('P12',102);
INSERT INTO composition VALUES ('C76',103);
INSERT INTO composition VALUES ('G7',103);
INSERT INTO composition VALUES ('F3',103);
INSERT INTO composition VALUES ('S88',103);
INSERT INTO composition VALUES ('DV17',103);
INSERT INTO composition VALUES ('DR87',103);
INSERT INTO composition VALUES ('R48',103);
INSERT INTO composition VALUES ('R47',103);
INSERT INTO composition VALUES ('P12',103);
INSERT INTO composition VALUES ('O2',103);
INSERT INTO composition VALUES ('C76',104);
INSERT INTO composition VALUES ('G7',104);
INSERT INTO composition VALUES ('F3',104);
INSERT INTO composition VALUES ('S88',104);
INSERT INTO composition VALUES ('DV87',104);
INSERT INTO composition VALUES ('DR86',104);
INSERT INTO composition VALUES ('R12',104);
INSERT INTO composition VALUES ('R32',104);
INSERT INTO composition VALUES ('P12',104);
INSERT INTO composition VALUES ('C43',105);
INSERT INTO composition VALUES ('G9',105);
INSERT INTO composition VALUES ('F9',105);
INSERT INTO composition VALUES ('S37',105);
INSERT INTO composition VALUES ('DV57',105);
INSERT INTO composition VALUES ('DR86',105);
INSERT INTO composition VALUES ('R19',105);
INSERT INTO composition VALUES ('R18',105);
INSERT INTO composition VALUES ('R02',105);
INSERT INTO composition VALUES ('P34',105);
INSERT INTO composition VALUES ('C44f',106);
INSERT INTO composition VALUES ('G9',106);
INSERT INTO composition VALUES ('F9',106);
INSERT INTO composition VALUES ('S35',106);
INSERT INTO composition VALUES ('DV57',106);
INSERT INTO composition VALUES ('DR86',106);
INSERT INTO composition VALUES ('R19',106);
INSERT INTO composition VALUES ('R18',106);
INSERT INTO composition VALUES ('R02',106);
INSERT INTO composition VALUES ('P34',106);
INSERT INTO composition VALUES ('C43',107);
INSERT INTO composition VALUES ('G9',107);
INSERT INTO composition VALUES ('F9',107);
INSERT INTO composition VALUES ('S37',107);
INSERT INTO composition VALUES ('DV57',107);
INSERT INTO composition VALUES ('DR87',107);
INSERT INTO composition VALUES ('R19',107);
INSERT INTO composition VALUES ('R18',107);
INSERT INTO composition VALUES ('R02',107);
INSERT INTO composition VALUES ('P34',107);
INSERT INTO composition VALUES ('O4',107);
INSERT INTO composition VALUES ('C43f',108);
INSERT INTO composition VALUES ('G9',108);
INSERT INTO composition VALUES ('F9',108);
INSERT INTO composition VALUES ('S35',108);
INSERT INTO composition VALUES ('DV57',108);
INSERT INTO composition VALUES ('DR87',108);
INSERT INTO composition VALUES ('R19',108);
INSERT INTO composition VALUES ('R18',108);
INSERT INTO composition VALUES ('R02',108);
INSERT INTO composition VALUES ('P34',108);
INSERT INTO composition VALUES ('O4',108);
INSERT INTO composition VALUES ('C01',109);
INSERT INTO composition VALUES ('G12',109);
INSERT INTO composition VALUES ('S02',109);
INSERT INTO composition VALUES ('R1',109);
INSERT INTO composition VALUES ('R2',109);
INSERT INTO composition VALUES ('R09',109);
INSERT INTO composition VALUES ('P1',109);
INSERT INTO composition VALUES ('S01',109);
INSERT INTO composition VALUES ('C02',110);
INSERT INTO composition VALUES ('G12',110);
INSERT INTO composition VALUES ('S03',110);
INSERT INTO composition VALUES ('R1',110);
INSERT INTO composition VALUES ('R2',110);
INSERT INTO composition VALUES ('R09',110);
INSERT INTO composition VALUES ('P1',110);
INSERT INTO composition VALUES ('S05',110);
INSERT INTO composition VALUES ('C15',111);
INSERT INTO composition VALUES ('G12',111);
INSERT INTO composition VALUES ('F9',111);
INSERT INTO composition VALUES ('S36',111);
INSERT INTO composition VALUES ('DV15',111);
INSERT INTO composition VALUES ('DR23',111);
INSERT INTO composition VALUES ('R11',111);
INSERT INTO composition VALUES ('R12',111);
INSERT INTO composition VALUES ('R10',111);
INSERT INTO composition VALUES ('P15',111);
INSERT INTO composition VALUES ('S74',111);
INSERT INTO composition VALUES ('C87',112);
INSERT INTO composition VALUES ('G12',112);
INSERT INTO composition VALUES ('F9',112);
INSERT INTO composition VALUES ('S36',112);
INSERT INTO composition VALUES ('DV41',112);
INSERT INTO composition VALUES ('DR76',112);
INSERT INTO composition VALUES ('R11',112);
INSERT INTO composition VALUES ('R12',112);
INSERT INTO composition VALUES ('R10',112);
INSERT INTO composition VALUES ('P15',112);
INSERT INTO composition VALUES ('S74',112);
INSERT INTO composition VALUES ('C87f',113);
INSERT INTO composition VALUES ('G12',113);
INSERT INTO composition VALUES ('F9',113);
INSERT INTO composition VALUES ('S34',113);
INSERT INTO composition VALUES ('DV41',113);
INSERT INTO composition VALUES ('DR76',113);
INSERT INTO composition VALUES ('R11',113);
INSERT INTO composition VALUES ('R12',113);
INSERT INTO composition VALUES ('R10',113);
INSERT INTO composition VALUES ('P15',113);
INSERT INTO composition VALUES ('S73',113);
INSERT INTO composition VALUES ('C25',114);
INSERT INTO composition VALUES ('G7',114);
INSERT INTO composition VALUES ('F3',114);
INSERT INTO composition VALUES ('S87',114);
INSERT INTO composition VALUES ('DV132',114);
INSERT INTO composition VALUES ('DR52',114);
INSERT INTO composition VALUES ('R44',114);
INSERT INTO composition VALUES ('R47',114);
INSERT INTO composition VALUES ('P12',114);
INSERT INTO composition VALUES ('C26',115);
INSERT INTO composition VALUES ('G7',115);
INSERT INTO composition VALUES ('F3',115);
INSERT INTO composition VALUES ('S87',115);
INSERT INTO composition VALUES ('DV133',115);
INSERT INTO composition VALUES ('DR52',115);
INSERT INTO composition VALUES ('R44',115);
INSERT INTO composition VALUES ('R47',115);
INSERT INTO composition VALUES ('P12',115);
